{
  "ticker": "SPY",
  "models_trained": 3,
  "model_performance": {
    "arima": 0.012275593845229213,
    "ridge": 0.016025298481168907,
    "lstm": 0.02004219507502779
  },
  "ensemble_weights": {
    "arima": 0.4204328227602347,
    "ridge": 0.32205724974347905,
    "lstm": 0.2575099274962864
  },
  "feature_count": 24,
  "prediction_horizon": 3,
  "arima_available": true,
  "ridge_available": true,
  "ridge_horizons": [
    1,
    2,
    3
  ],
  "lstm_available": true
}