{
  "ticker": "IWM",
  "models_trained": 3,
  "model_performance": {
    "arima": 0.014594353197908291,
    "ridge": 0.01949825297293788,
    "lstm": 0.023867744670176702
  },
  "ensemble_weights": {
    "arima": 0.423735394644363,
    "ridge": 0.3171640600925307,
    "lstm": 0.25910054526310633
  },
  "feature_count": 24,
  "prediction_horizon": 3,
  "arima_available": true,
  "ridge_available": true,
  "ridge_horizons": [
    1,
    2,
    3
  ],
  "lstm_available": true
}