{
  "target": "AAPL",
  "window": 90,
  "splits": {
    "train_end_index": 873,
    "val_end_index": 970
  },
  "metrics": {
    "lstm": {
      "rmse": 0.00040265792631544173,
      "mae": 0.01309647224843502,
      "dir_acc": 0.411522633744856
    },
    "transformer": {
      "rmse": 0.0004699945857282728,
      "mae": 0.014490948058664799,
      "dir_acc": 0.48559670781893005
    },
    "bayes_hybrid": {
      "rmse": 0.0004062785010319203,
      "mae": 0.012644767761230469,
      "dir_acc": 0.49794238683127573
    },
    "sarimax_exog": {
      "rmse": 0.0004816314142890716,
      "mae": 0.013846857558568767,
      "dir_acc": 0.5637860082304527
    }
  }
}